Title,Price,Description,Availability,Image link
Hot Fudge Tooney Fleece Unisex Co-ord Set,"Rs.5,490.00",Description not found,Please hurry! Only 8 left in stock,//www.tooneyteez.com/cdn/shop/files/93_dba65d83-a878-415e-ae92-e5af770c4f41.jpg?v=1697804848
Hot Fudge Tooney Fleece Unisex Co-ord Set,"Rs.5,490.00",Description not found,Please hurry! Only 8 left in stock,//www.tooneyteez.com/cdn/shop/files/93_dba65d83-a878-415e-ae92-e5af770c4f41.jpg?v=1697804848
Hot Fudge Tooney Fleece Unisex Co-ord Set,"Rs.5,490.00",Description not found,Please hurry! Only 31 left in stock,//www.tooneyteez.com/cdn/shop/files/93_dba65d83-a878-415e-ae92-e5af770c4f41.jpg?v=1697804848
Hot Fudge Tooney Fleece Unisex Co-ord Set,"Rs.5,490.00",Description not found,Please hurry! Only 10 left in stock,//www.tooneyteez.com/cdn/shop/files/93_dba65d83-a878-415e-ae92-e5af770c4f41.jpg?v=1697804848
Abstract Unisex Co-ord Set,"Rs.5,490.00",Description not found,Please hurry! Only 15 left in stock,//www.tooneyteez.com/cdn/shop/files/52_475bb06e-6a9f-4180-babf-265d8077cc51.jpg?v=1695654126
Abstract Unisex Co-ord Set,"Rs.5,490.00",Description not found,Please hurry! Only 39 left in stock,//www.tooneyteez.com/cdn/shop/files/52_475bb06e-6a9f-4180-babf-265d8077cc51.jpg?v=1695654126
Abstract Unisex Co-ord Set,"Rs.5,490.00",Description not found,Please hurry! Only 18 left in stock,//www.tooneyteez.com/cdn/shop/files/52_475bb06e-6a9f-4180-babf-265d8077cc51.jpg?v=1695654126
Abstract Unisex Co-ord Set,"Rs.5,490.00",Description not found,Please hurry! Only 15 left in stock,//www.tooneyteez.com/cdn/shop/files/52_475bb06e-6a9f-4180-babf-265d8077cc51.jpg?v=1695654126
Abstract Unisex Co-ord Set,"Rs.5,490.00",Description not found,Please hurry! Only 15 left in stock,//www.tooneyteez.com/cdn/shop/files/52_475bb06e-6a9f-4180-babf-265d8077cc51.jpg?v=1695654126
Black Splash Unisex Co-ord Set,"Rs.5,490.00",,Please hurry! Only 31 left in stock,//www.tooneyteez.com/cdn/shop/files/60_d30dcb99-971f-4998-b182-e8613ffca3a3.jpg?v=1695705944
Black Splash Unisex Co-ord Set,"Rs.5,490.00",,Please hurry! Only 15 left in stock,//www.tooneyteez.com/cdn/shop/files/60_d30dcb99-971f-4998-b182-e8613ffca3a3.jpg?v=1695705944
Black Splash Unisex Co-ord Set,"Rs.5,490.00",,Please hurry! Only 17 left in stock,//www.tooneyteez.com/cdn/shop/files/60_d30dcb99-971f-4998-b182-e8613ffca3a3.jpg?v=1695705944
Black Splash Unisex Co-ord Set,"Rs.5,490.00",,Please hurry! Only 10 left in stock,//www.tooneyteez.com/cdn/shop/files/60_d30dcb99-971f-4998-b182-e8613ffca3a3.jpg?v=1695705944
Black Splash Unisex Co-ord Set,"Rs.5,490.00",,Please hurry! Only 10 left in stock,//www.tooneyteez.com/cdn/shop/files/60_d30dcb99-971f-4998-b182-e8613ffca3a3.jpg?v=1695705944
Midnight Blue Wide Leg Cargo Unisex Trouser,"Rs.5,490.00",,Please hurry! Only 4 left in stock,//www.tooneyteez.com/cdn/shop/files/navy-3_85d442ad-27c9-4389-99b0-d44d836038f4.png?v=1693731858
Midnight Blue Wide Leg Cargo Unisex Trouser,"Rs.5,490.00",,Please hurry! Only 7 left in stock,//www.tooneyteez.com/cdn/shop/files/navy-3_85d442ad-27c9-4389-99b0-d44d836038f4.png?v=1693731858
Midnight Blue Wide Leg Cargo Unisex Trouser,"Rs.5,490.00",,Please hurry! Only 7 left in stock,//www.tooneyteez.com/cdn/shop/files/navy-3_85d442ad-27c9-4389-99b0-d44d836038f4.png?v=1693731858
Pink Cropped Polo Tee,"Rs.5,490.00",Description not found,Please hurry! Only 7 left in stock,//www.tooneyteez.com/cdn/shop/files/87_a6a3604e-4986-4ecc-b6fe-a3dce002ba17.jpg?v=1693912658
Pink Cropped Polo Tee,"Rs.5,490.00",Description not found,Please hurry! Only 7 left in stock,//www.tooneyteez.com/cdn/shop/files/87_a6a3604e-4986-4ecc-b6fe-a3dce002ba17.jpg?v=1693912658
24/7 Women's Full Sleeve - Black,"Rs.5,490.00",Fabric : 97% Cotton 3% SpandexMaterial : Single JerseySeason : SummersStyle : Crew Neck,Please hurry! Only 11 left in stock,//www.tooneyteez.com/cdn/shop/files/96_727a94d8-3bd4-4ee2-8ae8-cba719349eab.jpg?v=1697767867
24/7 Women's Full Sleeve - Black,"Rs.5,490.00",Fabric : 97% Cotton 3% SpandexMaterial : Single JerseySeason : SummersStyle : Crew Neck,Please hurry! Only 22 left in stock,//www.tooneyteez.com/cdn/shop/files/96_727a94d8-3bd4-4ee2-8ae8-cba719349eab.jpg?v=1697767867
24/7 Women's Full Sleeve - Black,"Rs.5,490.00",Fabric : 97% Cotton 3% SpandexMaterial : Single JerseySeason : SummersStyle : Crew Neck,Please hurry! Only 26 left in stock,//www.tooneyteez.com/cdn/shop/files/96_727a94d8-3bd4-4ee2-8ae8-cba719349eab.jpg?v=1697767867
24/7 Women's Full Sleeve - Black,"Rs.5,490.00",Fabric : 97% Cotton 3% SpandexMaterial : Single JerseySeason : SummersStyle : Crew Neck,Please hurry! Only 10 left in stock,//www.tooneyteez.com/cdn/shop/files/96_727a94d8-3bd4-4ee2-8ae8-cba719349eab.jpg?v=1697767867
24/7 Women's Full Sleeve - Black,"Rs.5,490.00",Fabric : 97% Cotton 3% SpandexMaterial : Single JerseySeason : SummersStyle : Crew Neck,Please hurry! Only 10 left in stock,//www.tooneyteez.com/cdn/shop/files/96_727a94d8-3bd4-4ee2-8ae8-cba719349eab.jpg?v=1697767867
24/7 Women's Full Sleeve - White,"Rs.5,490.00",Fabric : 97% Cotton 3% SpandexMaterial : Single JerseySeason : SummersStyle : Crew Neck,Please hurry! Only 6 left in stock,//www.tooneyteez.com/cdn/shop/files/110_ea519ca4-8bea-4d23-9c9c-9555712d0e98.jpg?v=1697767925
24/7 Women's Full Sleeve - White,"Rs.5,490.00",Fabric : 97% Cotton 3% SpandexMaterial : Single JerseySeason : SummersStyle : Crew Neck,Please hurry! Only 16 left in stock,//www.tooneyteez.com/cdn/shop/files/110_ea519ca4-8bea-4d23-9c9c-9555712d0e98.jpg?v=1697767925
24/7 Women's Full Sleeve - White,"Rs.5,490.00",Fabric : 97% Cotton 3% SpandexMaterial : Single JerseySeason : SummersStyle : Crew Neck,Please hurry! Only 14 left in stock,//www.tooneyteez.com/cdn/shop/files/110_ea519ca4-8bea-4d23-9c9c-9555712d0e98.jpg?v=1697767925
24/7 Women's Full Sleeve - White,"Rs.5,490.00",Fabric : 97% Cotton 3% SpandexMaterial : Single JerseySeason : SummersStyle : Crew Neck,Please hurry! Only 8 left in stock,//www.tooneyteez.com/cdn/shop/files/110_ea519ca4-8bea-4d23-9c9c-9555712d0e98.jpg?v=1697767925
24/7 Women's Full Sleeve - White,"Rs.5,490.00",Fabric : 97% Cotton 3% SpandexMaterial : Single JerseySeason : SummersStyle : Crew Neck,Please hurry! Only 8 left in stock,//www.tooneyteez.com/cdn/shop/files/110_ea519ca4-8bea-4d23-9c9c-9555712d0e98.jpg?v=1697767925
Neon Ribbed Sleeveless Mock Neck Top,"Rs.5,490.00",Fabric : RibbedSeason : AllMaterial : 100% cotton,Please hurry! Only 0 left in stock,//www.tooneyteez.com/cdn/shop/files/32_151782e9-516c-4c46-b9af-1764712396f9.jpg?v=1694419137
Black Dolphin Shorts,"Rs.5,490.00",Fabric : 100% cottonMaterial : JerseyStyle : Relax Fit,Please hurry! Only 4 left in stock,//www.tooneyteez.com/cdn/shop/files/black-women-dolphin-shorts.png?v=1694610458
Black Dolphin Shorts,"Rs.5,490.00",Fabric : 100% cottonMaterial : JerseyStyle : Relax Fit,Please hurry! Only 4 left in stock,//www.tooneyteez.com/cdn/shop/files/black-women-dolphin-shorts.png?v=1694610458
Pink Striped Mock Neck Long Sleeve Top,"Rs.5,490.00",Fabric : 80% cotton - 20% polyesterMaterial : ThermalSeason : WintersFit : Slim,Please hurry! Only 13 left in stock,//www.tooneyteez.com/cdn/shop/files/34_46a234ab-67ea-471d-a522-513cb71193c5.jpg?v=1697768207
Pink Striped Mock Neck Long Sleeve Top,"Rs.5,490.00",Fabric : 80% cotton - 20% polyesterMaterial : ThermalSeason : WintersFit : Slim,Please hurry! Only 29 left in stock,//www.tooneyteez.com/cdn/shop/files/34_46a234ab-67ea-471d-a522-513cb71193c5.jpg?v=1697768207
Pink Striped Mock Neck Long Sleeve Top,"Rs.5,490.00",Fabric : 80% cotton - 20% polyesterMaterial : ThermalSeason : WintersFit : Slim,Please hurry! Only 29 left in stock,//www.tooneyteez.com/cdn/shop/files/34_46a234ab-67ea-471d-a522-513cb71193c5.jpg?v=1697768207
Pink Striped Mock Neck Long Sleeve Top,"Rs.5,490.00",Fabric : 80% cotton - 20% polyesterMaterial : ThermalSeason : WintersFit : Slim,Please hurry! Only 13 left in stock,//www.tooneyteez.com/cdn/shop/files/34_46a234ab-67ea-471d-a522-513cb71193c5.jpg?v=1697768207
Pink Striped Mock Neck Long Sleeve Top,"Rs.5,490.00",Fabric : 80% cotton - 20% polyesterMaterial : ThermalSeason : WintersFit : Slim,Please hurry! Only 13 left in stock,//www.tooneyteez.com/cdn/shop/files/34_46a234ab-67ea-471d-a522-513cb71193c5.jpg?v=1697768207
Blue Striped Mock Neck Long Sleeve Top,"Rs.5,490.00",Fabric : 80% cotton - 20% polyesterMaterial : ThermalSeason : WintersFit : Slim,Please hurry! Only 8 left in stock,//www.tooneyteez.com/cdn/shop/files/39_6bf13989-c13c-4757-bd0b-e2e6f72e8180.jpg?v=1697768080
Blue Striped Mock Neck Long Sleeve Top,"Rs.5,490.00",Fabric : 80% cotton - 20% polyesterMaterial : ThermalSeason : WintersFit : Slim,Please hurry! Only 18 left in stock,//www.tooneyteez.com/cdn/shop/files/39_6bf13989-c13c-4757-bd0b-e2e6f72e8180.jpg?v=1697768080
Blue Striped Mock Neck Long Sleeve Top,"Rs.5,490.00",Fabric : 80% cotton - 20% polyesterMaterial : ThermalSeason : WintersFit : Slim,Please hurry! Only 19 left in stock,//www.tooneyteez.com/cdn/shop/files/39_6bf13989-c13c-4757-bd0b-e2e6f72e8180.jpg?v=1697768080
Blue Striped Mock Neck Long Sleeve Top,"Rs.5,490.00",Fabric : 80% cotton - 20% polyesterMaterial : ThermalSeason : WintersFit : Slim,Please hurry! Only 9 left in stock,//www.tooneyteez.com/cdn/shop/files/39_6bf13989-c13c-4757-bd0b-e2e6f72e8180.jpg?v=1697768080
Blue Striped Mock Neck Long Sleeve Top,"Rs.5,490.00",Fabric : 80% cotton - 20% polyesterMaterial : ThermalSeason : WintersFit : Slim,Please hurry! Only 9 left in stock,//www.tooneyteez.com/cdn/shop/files/39_6bf13989-c13c-4757-bd0b-e2e6f72e8180.jpg?v=1697768080
Smoky Oversized Boxy Funnel Spliced Hoodie,"Rs.5,490.00",Description not found,Please hurry! Only 23 left in stock,//www.tooneyteez.com/cdn/shop/files/88_39ecc682-55b4-4c25-80d8-71b13c0121b2.jpg?v=1697810371
Smoky Oversized Boxy Funnel Spliced Hoodie,"Rs.5,490.00",Description not found,Please hurry! Only 23 left in stock,//www.tooneyteez.com/cdn/shop/files/88_39ecc682-55b4-4c25-80d8-71b13c0121b2.jpg?v=1697810371
Smoky Oversized Boxy Funnel Spliced Hoodie,"Rs.5,490.00",Description not found,Please hurry! Only 22 left in stock,//www.tooneyteez.com/cdn/shop/files/88_39ecc682-55b4-4c25-80d8-71b13c0121b2.jpg?v=1697810371
Smoky Oversized Boxy Funnel Spliced Hoodie,"Rs.5,490.00",Description not found,Please hurry! Only 22 left in stock,//www.tooneyteez.com/cdn/shop/files/88_39ecc682-55b4-4c25-80d8-71b13c0121b2.jpg?v=1697810371
Maroon Ribbed Sleeveless Mock Neck Top,"Rs.5,490.00",Fabric : RibbedSeason : AllMaterial : 100% cotton,Please hurry! Only 14 left in stock,//www.tooneyteez.com/cdn/shop/files/47_f701bf41-4eb7-4c08-8111-4455da21eadf.jpg?v=1697804791
Maroon Ribbed Sleeveless Mock Neck Top,"Rs.5,490.00",Fabric : RibbedSeason : AllMaterial : 100% cotton,Please hurry! Only 31 left in stock,//www.tooneyteez.com/cdn/shop/files/47_f701bf41-4eb7-4c08-8111-4455da21eadf.jpg?v=1697804791
Maroon Ribbed Sleeveless Mock Neck Top,"Rs.5,490.00",Fabric : RibbedSeason : AllMaterial : 100% cotton,Please hurry! Only 32 left in stock,//www.tooneyteez.com/cdn/shop/files/47_f701bf41-4eb7-4c08-8111-4455da21eadf.jpg?v=1697804791
Maroon Ribbed Sleeveless Mock Neck Top,"Rs.5,490.00",Fabric : RibbedSeason : AllMaterial : 100% cotton,Please hurry! Only 15 left in stock,//www.tooneyteez.com/cdn/shop/files/47_f701bf41-4eb7-4c08-8111-4455da21eadf.jpg?v=1697804791
Maroon Ribbed Sleeveless Mock Neck Top,"Rs.5,490.00",Fabric : RibbedSeason : AllMaterial : 100% cotton,Please hurry! Only 15 left in stock,//www.tooneyteez.com/cdn/shop/files/47_f701bf41-4eb7-4c08-8111-4455da21eadf.jpg?v=1697804791
Green Ribbed Sleeveless Mock Neck Top,"Rs.5,490.00",Fabric : RibbedSeason : AllMaterial : 100% cotton,Please hurry! Only 11 left in stock,//www.tooneyteez.com/cdn/shop/files/75_6d2882f6-2556-4dcf-ba86-f97a7c47a933.jpg?v=1697804775
Green Ribbed Sleeveless Mock Neck Top,"Rs.5,490.00",Fabric : RibbedSeason : AllMaterial : 100% cotton,Please hurry! Only 25 left in stock,//www.tooneyteez.com/cdn/shop/files/75_6d2882f6-2556-4dcf-ba86-f97a7c47a933.jpg?v=1697804775
Green Ribbed Sleeveless Mock Neck Top,"Rs.5,490.00",Fabric : RibbedSeason : AllMaterial : 100% cotton,Please hurry! Only 24 left in stock,//www.tooneyteez.com/cdn/shop/files/75_6d2882f6-2556-4dcf-ba86-f97a7c47a933.jpg?v=1697804775
Green Ribbed Sleeveless Mock Neck Top,"Rs.5,490.00",Fabric : RibbedSeason : AllMaterial : 100% cotton,Please hurry! Only 11 left in stock,//www.tooneyteez.com/cdn/shop/files/75_6d2882f6-2556-4dcf-ba86-f97a7c47a933.jpg?v=1697804775
Green Ribbed Sleeveless Mock Neck Top,"Rs.5,490.00",Fabric : RibbedSeason : AllMaterial : 100% cotton,Please hurry! Only 11 left in stock,//www.tooneyteez.com/cdn/shop/files/75_6d2882f6-2556-4dcf-ba86-f97a7c47a933.jpg?v=1697804775
Smoke grey Wide Leg Cargo Unisex Trouser,"Rs.5,490.00",Description not found,Please hurry! Only 7 left in stock,//www.tooneyteez.com/cdn/shop/files/100_0d261fcc-6d64-4a09-8ee1-47a5273d3b3b.jpg?v=1697804732
Smoke grey Wide Leg Cargo Unisex Trouser,"Rs.5,490.00",Description not found,Please hurry! Only 15 left in stock,//www.tooneyteez.com/cdn/shop/files/100_0d261fcc-6d64-4a09-8ee1-47a5273d3b3b.jpg?v=1697804732
Smoke grey Wide Leg Cargo Unisex Trouser,"Rs.5,490.00",Description not found,Please hurry! Only 9 left in stock,//www.tooneyteez.com/cdn/shop/files/100_0d261fcc-6d64-4a09-8ee1-47a5273d3b3b.jpg?v=1697804732
Smoke grey Wide Leg Cargo Unisex Trouser,"Rs.5,490.00",Description not found,Please hurry! Only 4 left in stock,//www.tooneyteez.com/cdn/shop/files/100_0d261fcc-6d64-4a09-8ee1-47a5273d3b3b.jpg?v=1697804732
Smoke grey Wide Leg Cargo Unisex Trouser,"Rs.5,490.00",Description not found,Please hurry! Only 4 left in stock,//www.tooneyteez.com/cdn/shop/files/100_0d261fcc-6d64-4a09-8ee1-47a5273d3b3b.jpg?v=1697804732
Red Wide Leg Cargo Unisex Trouser,"Rs.5,490.00",Description not found,Please hurry! Only 9 left in stock,//www.tooneyteez.com/cdn/shop/files/106_c1b74620-dad3-4b47-adbc-e8ed968fbef1.jpg?v=1697804654
Red Wide Leg Cargo Unisex Trouser,"Rs.5,490.00",Description not found,Please hurry! Only 12 left in stock,//www.tooneyteez.com/cdn/shop/files/106_c1b74620-dad3-4b47-adbc-e8ed968fbef1.jpg?v=1697804654
Red Wide Leg Cargo Unisex Trouser,"Rs.5,490.00",Description not found,Please hurry! Only 7 left in stock,//www.tooneyteez.com/cdn/shop/files/106_c1b74620-dad3-4b47-adbc-e8ed968fbef1.jpg?v=1697804654
Red Wide Leg Cargo Unisex Trouser,"Rs.5,490.00",Description not found,Please hurry! Only 4 left in stock,//www.tooneyteez.com/cdn/shop/files/106_c1b74620-dad3-4b47-adbc-e8ed968fbef1.jpg?v=1697804654
Red Wide Leg Cargo Unisex Trouser,"Rs.5,490.00",Description not found,Please hurry! Only 4 left in stock,//www.tooneyteez.com/cdn/shop/files/106_c1b74620-dad3-4b47-adbc-e8ed968fbef1.jpg?v=1697804654
Off-White Wide Leg Cargo Unisex Trouser,"Rs.5,490.00",Description not found,Please hurry! Only 2 left in stock,//www.tooneyteez.com/cdn/shop/files/81_076d7605-8aab-4403-bdff-2a3392f6a846.jpg?v=1697804598
Off-White Wide Leg Cargo Unisex Trouser,"Rs.5,490.00",Description not found,Please hurry! Only 11 left in stock,//www.tooneyteez.com/cdn/shop/files/81_076d7605-8aab-4403-bdff-2a3392f6a846.jpg?v=1697804598
Off-White Wide Leg Cargo Unisex Trouser,"Rs.5,490.00",Description not found,Please hurry! Only 8 left in stock,//www.tooneyteez.com/cdn/shop/files/81_076d7605-8aab-4403-bdff-2a3392f6a846.jpg?v=1697804598
Off-White Wide Leg Cargo Unisex Trouser,"Rs.5,490.00",Description not found,Please hurry! Only 7 left in stock,//www.tooneyteez.com/cdn/shop/files/81_076d7605-8aab-4403-bdff-2a3392f6a846.jpg?v=1697804598
Off-White Wide Leg Cargo Unisex Trouser,"Rs.5,490.00",Description not found,Please hurry! Only 7 left in stock,//www.tooneyteez.com/cdn/shop/files/81_076d7605-8aab-4403-bdff-2a3392f6a846.jpg?v=1697804598
Mocha Oversized Boxy Funnel Spliced Hoodie,"Rs.5,490.00",Description not found,Please hurry! Only 34 left in stock,//www.tooneyteez.com/cdn/shop/files/45_4df658ae-46f4-4ee6-b2df-4d98e42be700.jpg?v=1697810318
Mocha Oversized Boxy Funnel Spliced Hoodie,"Rs.5,490.00",Description not found,Please hurry! Only 36 left in stock,//www.tooneyteez.com/cdn/shop/files/45_4df658ae-46f4-4ee6-b2df-4d98e42be700.jpg?v=1697810318
Mocha Oversized Boxy Funnel Spliced Hoodie,"Rs.5,490.00",Description not found,Please hurry! Only 34 left in stock,//www.tooneyteez.com/cdn/shop/files/45_4df658ae-46f4-4ee6-b2df-4d98e42be700.jpg?v=1697810318
Mocha Oversized Boxy Funnel Spliced Hoodie,"Rs.5,490.00",Description not found,Please hurry! Only 34 left in stock,//www.tooneyteez.com/cdn/shop/files/45_4df658ae-46f4-4ee6-b2df-4d98e42be700.jpg?v=1697810318
Maroon Loose Fit V-Neck,"Rs.5,490.00",Fabric : 100% cottonMaterial : JerseySeason : SummersStyle : Boxy Fit,Please hurry! Only 2 left in stock,//www.tooneyteez.com/cdn/shop/products/17_6388cd0c-6bff-42fd-ab24-563a6bf2fd58.jpg?v=1680261845
Maroon Loose Fit V-Neck,"Rs.5,490.00",Fabric : 100% cottonMaterial : JerseySeason : SummersStyle : Boxy Fit,Please hurry! Only 3 left in stock,//www.tooneyteez.com/cdn/shop/products/17_6388cd0c-6bff-42fd-ab24-563a6bf2fd58.jpg?v=1680261845
Maroon Loose Fit V-Neck,"Rs.5,490.00",Fabric : 100% cottonMaterial : JerseySeason : SummersStyle : Boxy Fit,Please hurry! Only 3 left in stock,//www.tooneyteez.com/cdn/shop/products/17_6388cd0c-6bff-42fd-ab24-563a6bf2fd58.jpg?v=1680261845
White Loose Fit V-Neck,"Rs.5,490.00",Fabric : 100% cottonMaterial : JerseySeason : SummersStyle : Boxy Fit,Please hurry! Only 0 left in stock,//www.tooneyteez.com/cdn/shop/products/9_10142e10-2a8b-499a-9fbf-627b24897c2f.jpg?v=1680261872
3-Pack Women Loose Fit V-Necks,"Rs.5,490.00",Fabric : 100% cottonMaterial : JerseySeason : SummersStyle : Boxy Fit,Please hurry! Only 0 left in stock,//www.tooneyteez.com/cdn/shop/products/3-packv-necks.png?v=1680862151
Ribbed Red Swirl Tanktop,"Rs.5,490.00",Fabric : 100% cottonMaterial : RibbedSeason : SummersStyle : Tanktop,Please hurry! Only 56 left in stock,//www.tooneyteez.com/cdn/shop/products/TOONEYGIRLS4704.jpg?v=1657693663
Ribbed Red Swirl Tanktop,"Rs.5,490.00",Fabric : 100% cottonMaterial : RibbedSeason : SummersStyle : Tanktop,Please hurry! Only 85 left in stock,//www.tooneyteez.com/cdn/shop/products/TOONEYGIRLS4704.jpg?v=1657693663
Ribbed Red Swirl Tanktop,"Rs.5,490.00",Fabric : 100% cottonMaterial : RibbedSeason : SummersStyle : Tanktop,Please hurry! Only 85 left in stock,//www.tooneyteez.com/cdn/shop/products/TOONEYGIRLS4704.jpg?v=1657693663
Modest Oversize Crew Neck Black,"Rs.5,490.00",Fabric : 100% cottonMaterial : JerseySeason : SummersStyle : Oversized Fit,Please hurry! Only 3 left in stock,//www.tooneyteez.com/cdn/shop/products/170.jpg?v=1678771499
Modest Oversize Crew Neck Black,"Rs.5,490.00",Fabric : 100% cottonMaterial : JerseySeason : SummersStyle : Oversized Fit,Please hurry! Only 11 left in stock,//www.tooneyteez.com/cdn/shop/products/170.jpg?v=1678771499
Modest Oversize Crew Neck Black,"Rs.5,490.00",Fabric : 100% cottonMaterial : JerseySeason : SummersStyle : Oversized Fit,Please hurry! Only 5 left in stock,//www.tooneyteez.com/cdn/shop/products/170.jpg?v=1678771499
Modest Oversize Crew Neck Black,"Rs.5,490.00",Fabric : 100% cottonMaterial : JerseySeason : SummersStyle : Oversized Fit,Please hurry! Only 5 left in stock,//www.tooneyteez.com/cdn/shop/products/170.jpg?v=1678771499
Teddy Boxy Tee,"Rs.5,490.00",Fabric : 100% cottonMaterial : Single JerseySeason : SummersStyle : Boxy Fit,Please hurry! Only 21 left in stock,//www.tooneyteez.com/cdn/shop/files/teddy-Boxy.png?v=1693387077
Teddy Boxy Tee,"Rs.5,490.00",Fabric : 100% cottonMaterial : Single JerseySeason : SummersStyle : Boxy Fit,Please hurry! Only 21 left in stock,//www.tooneyteez.com/cdn/shop/files/teddy-Boxy.png?v=1693387077
Teddy Boxy Tee,"Rs.5,490.00",Fabric : 100% cottonMaterial : Single JerseySeason : SummersStyle : Boxy Fit,Please hurry! Only 23 left in stock,//www.tooneyteez.com/cdn/shop/files/teddy-Boxy.png?v=1693387077
Teddy Boxy Tee,"Rs.5,490.00",Fabric : 100% cottonMaterial : Single JerseySeason : SummersStyle : Boxy Fit,Please hurry! Only 18 left in stock,//www.tooneyteez.com/cdn/shop/files/teddy-Boxy.png?v=1693387077
Teddy Boxy Tee,"Rs.5,490.00",Fabric : 100% cottonMaterial : Single JerseySeason : SummersStyle : Boxy Fit,Please hurry! Only 18 left in stock,//www.tooneyteez.com/cdn/shop/files/teddy-Boxy.png?v=1693387077
Wide Leg Seam Front Flare Joggers in Fuchsia Pink,"Rs.5,490.00","Fabric : 100% cottonMaterial : TerrySeason : AllStyle : Relax Fit , Lounging done right
Mid-rise,
Elasticated waist,
Functional pockets,
Wide leg,
Oversized fit",Please hurry! Only 7 left in stock,//www.tooneyteez.com/cdn/shop/products/IMG_7130.jpg?v=1680071599
Wide Leg Seam Front Flare Joggers in Fuchsia Pink,"Rs.5,490.00","Fabric : 100% cottonMaterial : TerrySeason : AllStyle : Relax Fit , Lounging done right
Mid-rise,
Elasticated waist,
Functional pockets,
Wide leg,
Oversized fit",Please hurry! Only 14 left in stock,//www.tooneyteez.com/cdn/shop/products/IMG_7130.jpg?v=1680071599
Wide Leg Seam Front Flare Joggers in Fuchsia Pink,"Rs.5,490.00","Fabric : 100% cottonMaterial : TerrySeason : AllStyle : Relax Fit , Lounging done right
Mid-rise,
Elasticated waist,
Functional pockets,
Wide leg,
Oversized fit",Please hurry! Only 9 left in stock,//www.tooneyteez.com/cdn/shop/products/IMG_7130.jpg?v=1680071599
Wide Leg Seam Front Flare Joggers in Fuchsia Pink,"Rs.5,490.00","Fabric : 100% cottonMaterial : TerrySeason : AllStyle : Relax Fit , Lounging done right
Mid-rise,
Elasticated waist,
Functional pockets,
Wide leg,
Oversized fit",Please hurry! Only 9 left in stock,//www.tooneyteez.com/cdn/shop/products/IMG_7130.jpg?v=1680071599
Wide Leg Seam Front Flare Joggers in Fuchsia Pink,"Rs.5,490.00","Fabric : 100% cottonMaterial : TerrySeason : AllStyle : Relax Fit , Lounging done right
Mid-rise,
Elasticated waist,
Functional pockets,
Wide leg,
Oversized fit",Please hurry! Only 9 left in stock,//www.tooneyteez.com/cdn/shop/products/IMG_7130.jpg?v=1680071599
Barbie Baby Tee,"Rs.5,490.00",Description not found,Please hurry! Only 10 left in stock,//www.tooneyteez.com/cdn/shop/files/1_16d1c360-0794-4042-ada7-e65d00fde76b.png?v=1690270434
Barbie Baby Tee,"Rs.5,490.00",Description not found,Please hurry! Only 20 left in stock,//www.tooneyteez.com/cdn/shop/files/1_16d1c360-0794-4042-ada7-e65d00fde76b.png?v=1690270434
Barbie Baby Tee,"Rs.5,490.00",Description not found,Please hurry! Only 18 left in stock,//www.tooneyteez.com/cdn/shop/files/1_16d1c360-0794-4042-ada7-e65d00fde76b.png?v=1690270434
Barbie Baby Tee,"Rs.5,490.00",Description not found,Please hurry! Only 10 left in stock,//www.tooneyteez.com/cdn/shop/files/1_16d1c360-0794-4042-ada7-e65d00fde76b.png?v=1690270434
Barbie Baby Tee,"Rs.5,490.00",Description not found,Please hurry! Only 10 left in stock,//www.tooneyteez.com/cdn/shop/files/1_16d1c360-0794-4042-ada7-e65d00fde76b.png?v=1690270434
Modest Oversize Crew Neck Black,"Rs.5,490.00",Fabric : 100% cottonMaterial : JerseySeason : SummersStyle : Oversized Fit,Please hurry! Only 5 left in stock,//www.tooneyteez.com/cdn/shop/products/170.jpg?v=1678771499
Maroon Fullsleeve Henley,"Rs.5,490.00",Fabric : 100% cottonMaterial : Single JerseySeason : All SeasonStyle : 3 Button Henley,Please hurry! Only 1 left in stock,//www.tooneyteez.com/cdn/shop/products/23_e24c98e2-2002-4c27-953e-06fffd046e63.jpg?v=1663739111
Maroon Fullsleeve Henley,"Rs.5,490.00",Fabric : 100% cottonMaterial : Single JerseySeason : All SeasonStyle : 3 Button Henley,Please hurry! Only 1 left in stock,//www.tooneyteez.com/cdn/shop/products/23_e24c98e2-2002-4c27-953e-06fffd046e63.jpg?v=1663739111
Dark Green Full Sleeve Crew Neck,"Rs.5,490.00",Fabric : 100% cottonMaterial : Single JerseySeason : SummersStyle : Raglan,Please hurry! Only 0 left in stock,//www.tooneyteez.com/cdn/shop/products/26.jpg?v=1663862591
Navy Full Sleeve Henley,"Rs.5,490.00",Fabric : 100% cottonMaterial : Single JerseySeason : All SeasonStyle : 3 Button Henley,Please hurry! Only 7 left in stock,//www.tooneyteez.com/cdn/shop/products/31.jpg?v=1663739116
Navy Full Sleeve Henley,"Rs.5,490.00",Fabric : 100% cottonMaterial : Single JerseySeason : All SeasonStyle : 3 Button Henley,Please hurry! Only 1 left in stock,//www.tooneyteez.com/cdn/shop/products/31.jpg?v=1663739116
Navy Full Sleeve Henley,"Rs.5,490.00",Fabric : 100% cottonMaterial : Single JerseySeason : All SeasonStyle : 3 Button Henley,Please hurry! Only 2 left in stock,//www.tooneyteez.com/cdn/shop/products/31.jpg?v=1663739116
Navy Full Sleeve Henley,"Rs.5,490.00",Fabric : 100% cottonMaterial : Single JerseySeason : All SeasonStyle : 3 Button Henley,Please hurry! Only 2 left in stock,//www.tooneyteez.com/cdn/shop/products/31.jpg?v=1663739116
Black Fullsleeve Henley,"Rs.5,490.00",Fabric : 100% cottonMaterial : Single JerseySeason : All SeasonStyle : 3 Button Henley,Please hurry! Only 0 left in stock,//www.tooneyteez.com/cdn/shop/products/89_b6a81811-a997-4f3d-91ef-5205bae3c5f7.jpg?v=1680225229
Green Full Sleeve Henley,"Rs.5,490.00",Fabric : 100% cottonMaterial : Single JerseySeason : All SeasonStyle : 3 Button Henley,Please hurry! Only 7 left in stock,//www.tooneyteez.com/cdn/shop/products/20_9f4629b6-34c7-440d-ac39-40927e401bc2.jpg?v=1678719603
Green Full Sleeve Henley,"Rs.5,490.00",Fabric : 100% cottonMaterial : Single JerseySeason : All SeasonStyle : 3 Button Henley,Please hurry! Only 8 left in stock,//www.tooneyteez.com/cdn/shop/products/20_9f4629b6-34c7-440d-ac39-40927e401bc2.jpg?v=1678719603
Green Full Sleeve Henley,"Rs.5,490.00",Fabric : 100% cottonMaterial : Single JerseySeason : All SeasonStyle : 3 Button Henley,Please hurry! Only 3 left in stock,//www.tooneyteez.com/cdn/shop/products/20_9f4629b6-34c7-440d-ac39-40927e401bc2.jpg?v=1678719603
Green Full Sleeve Henley,"Rs.5,490.00",Fabric : 100% cottonMaterial : Single JerseySeason : All SeasonStyle : 3 Button Henley,Please hurry! Only 3 left in stock,//www.tooneyteez.com/cdn/shop/products/20_9f4629b6-34c7-440d-ac39-40927e401bc2.jpg?v=1678719603
Brown L/S Henley,"Rs.5,490.00",Fabric : 100% cottonMaterial : Single JerseySeason : All SeasonStyle : 3 Button Henley,Please hurry! Only 1 left in stock,//www.tooneyteez.com/cdn/shop/products/18_f44943d7-6b49-4914-a557-485a0efb0eed.jpg?v=1676702410
Superheroes Pack of 3,"Rs.5,490.00",Fabric : 100% cottonMaterial : Single JerseySeason : AllStyle : Crew NeckPrint : Screen Printed,Please hurry! Only 17 left in stock,//www.tooneyteez.com/cdn/shop/products/WhatsAppImage2022-09-12at11.22.33PM_1.jpg?v=1666185243
Brown L/S Henley,"Rs.5,490.00",Fabric : 100% cottonMaterial : Single JerseySeason : All SeasonStyle : 3 Button Henley,Please hurry! Only 1 left in stock,//www.tooneyteez.com/cdn/shop/products/18_f44943d7-6b49-4914-a557-485a0efb0eed.jpg?v=1676702410
Basic Crew Neck Black,"Rs.5,490.00",Fabric : 100% cottonMaterial : Single JerseySeason : SummersStyle : Crew Neck,Please hurry! Only 1 left in stock,//www.tooneyteez.com/cdn/shop/products/76_15c1d0bf-2b13-42fe-85b9-55f12313efd6.jpg?v=1680225488
Black Full Sleeve Crew Neck,"Rs.5,490.00",Fabric : 100% cottonMaterial : Light Weight Single JerseySeason : SummersStyle : Raglan,Please hurry! Only 12 left in stock,//www.tooneyteez.com/cdn/shop/products/14_5e0212e5-7d73-4295-a254-7265e0d4889e.jpg?v=1676702771
Black Full Sleeve Crew Neck,"Rs.5,490.00",Fabric : 100% cottonMaterial : Light Weight Single JerseySeason : SummersStyle : Raglan,Please hurry! Only 12 left in stock,//www.tooneyteez.com/cdn/shop/products/14_5e0212e5-7d73-4295-a254-7265e0d4889e.jpg?v=1676702771
Maroon Full Sleeve Crew Neck,"Rs.5,490.00",Fabric : 100% cottonMaterial : Light Weight Single JerseySeason : SummersStyle : Raglan,Please hurry! Only 19 left in stock,//www.tooneyteez.com/cdn/shop/products/25_ff4115a5-f7b0-4b97-b58a-7819f9f37bda.jpg?v=1678719587
Maroon Full Sleeve Crew Neck,"Rs.5,490.00",Fabric : 100% cottonMaterial : Light Weight Single JerseySeason : SummersStyle : Raglan,Please hurry! Only 11 left in stock,//www.tooneyteez.com/cdn/shop/products/25_ff4115a5-f7b0-4b97-b58a-7819f9f37bda.jpg?v=1678719587
Maroon Full Sleeve Crew Neck,"Rs.5,490.00",Fabric : 100% cottonMaterial : Light Weight Single JerseySeason : SummersStyle : Raglan,Please hurry! Only 8 left in stock,//www.tooneyteez.com/cdn/shop/products/25_ff4115a5-f7b0-4b97-b58a-7819f9f37bda.jpg?v=1678719587
Maroon Full Sleeve Crew Neck,"Rs.5,490.00",Fabric : 100% cottonMaterial : Light Weight Single JerseySeason : SummersStyle : Raglan,Please hurry! Only 8 left in stock,//www.tooneyteez.com/cdn/shop/products/25_ff4115a5-f7b0-4b97-b58a-7819f9f37bda.jpg?v=1678719587
Off White Raglan,"Rs.5,490.00",Fabric : 100% cottonMaterial : Light Weight Single JerseySeason : SummersStyle : Raglan,Please hurry! Only 0 left in stock,//www.tooneyteez.com/cdn/shop/products/70_8378b041-2476-4e10-b711-879085227a9f.jpg?v=1680225152
2-Pack L/S Henley's,"Rs.5,490.00",Fabric : 100% cottonMaterial : Single JerseySeason : All SeasonStyle : 3 Button Henley,Please hurry! Only 0 left in stock,//www.tooneyteez.com/cdn/shop/products/packof2henley.png?v=1680861866
2-Pack L/S Raglans,"Rs.5,490.00",Fabric : 100% cottonMaterial : Light Weight Single JerseySeason : SummersStyle : Raglan,Please hurry! Only 0 left in stock,//www.tooneyteez.com/cdn/shop/products/2packraglans.png?v=1680861490
Forest Green Turtle Neck Mens,"Rs.5,490.00",Fabric : 97% Cotton 3% SpandexMaterial : LycraStyle : Regular Fit,Please hurry! Only 1 left in stock,//www.tooneyteez.com/cdn/shop/products/67_1fb7fa93-1fe2-4e4c-b400-f49b2f843b86.jpg?v=1675249035
Forest Green Turtle Neck Mens,"Rs.5,490.00",Fabric : 97% Cotton 3% SpandexMaterial : LycraStyle : Regular Fit,Please hurry! Only 12 left in stock,//www.tooneyteez.com/cdn/shop/products/67_1fb7fa93-1fe2-4e4c-b400-f49b2f843b86.jpg?v=1675249035
Forest Green Turtle Neck Mens,"Rs.5,490.00",Fabric : 97% Cotton 3% SpandexMaterial : LycraStyle : Regular Fit,Please hurry! Only 6 left in stock,//www.tooneyteez.com/cdn/shop/products/67_1fb7fa93-1fe2-4e4c-b400-f49b2f843b86.jpg?v=1675249035
Forest Green Turtle Neck Mens,"Rs.5,490.00",Fabric : 97% Cotton 3% SpandexMaterial : LycraStyle : Regular Fit,Please hurry! Only 1 left in stock,//www.tooneyteez.com/cdn/shop/products/67_1fb7fa93-1fe2-4e4c-b400-f49b2f843b86.jpg?v=1675249035
Forest Green Turtle Neck Mens,"Rs.5,490.00",Fabric : 97% Cotton 3% SpandexMaterial : LycraStyle : Regular Fit,Please hurry! Only 1 left in stock,//www.tooneyteez.com/cdn/shop/products/67_1fb7fa93-1fe2-4e4c-b400-f49b2f843b86.jpg?v=1675249035
Cabernet Turtle Neck Mens,"Rs.5,490.00",Fabric : 97% Cotton 3% SpandexMaterial : LycraStyle : Regular Fit,Please hurry! Only 5 left in stock,//www.tooneyteez.com/cdn/shop/products/41_05ecac10-fa66-407b-aab7-e94ab79644e5.jpg?v=1675249018
Cabernet Turtle Neck Mens,"Rs.5,490.00",Fabric : 97% Cotton 3% SpandexMaterial : LycraStyle : Regular Fit,Please hurry! Only 14 left in stock,//www.tooneyteez.com/cdn/shop/products/41_05ecac10-fa66-407b-aab7-e94ab79644e5.jpg?v=1675249018
Cabernet Turtle Neck Mens,"Rs.5,490.00",Fabric : 97% Cotton 3% SpandexMaterial : LycraStyle : Regular Fit,Please hurry! Only 7 left in stock,//www.tooneyteez.com/cdn/shop/products/41_05ecac10-fa66-407b-aab7-e94ab79644e5.jpg?v=1675249018
Cabernet Turtle Neck Mens,"Rs.5,490.00",Fabric : 97% Cotton 3% SpandexMaterial : LycraStyle : Regular Fit,Please hurry! Only 3 left in stock,//www.tooneyteez.com/cdn/shop/products/41_05ecac10-fa66-407b-aab7-e94ab79644e5.jpg?v=1675249018
Cabernet Turtle Neck Mens,"Rs.5,490.00",Fabric : 97% Cotton 3% SpandexMaterial : LycraStyle : Regular Fit,Please hurry! Only 3 left in stock,//www.tooneyteez.com/cdn/shop/products/41_05ecac10-fa66-407b-aab7-e94ab79644e5.jpg?v=1675249018
Mocha Turtle Neck Mens,"Rs.5,490.00",Fabric : 97% Cotton 3% SpandexMaterial : LycraStyle : Regular Fit,Please hurry! Only 4 left in stock,//www.tooneyteez.com/cdn/shop/products/55_27056b43-73c2-4045-8d83-5c2eef46c95b.jpg?v=1675248967
Mocha Turtle Neck Mens,"Rs.5,490.00",Fabric : 97% Cotton 3% SpandexMaterial : LycraStyle : Regular Fit,Please hurry! Only 14 left in stock,//www.tooneyteez.com/cdn/shop/products/55_27056b43-73c2-4045-8d83-5c2eef46c95b.jpg?v=1675248967
Mocha Turtle Neck Mens,"Rs.5,490.00",Fabric : 97% Cotton 3% SpandexMaterial : LycraStyle : Regular Fit,Please hurry! Only 8 left in stock,//www.tooneyteez.com/cdn/shop/products/55_27056b43-73c2-4045-8d83-5c2eef46c95b.jpg?v=1675248967
Mocha Turtle Neck Mens,"Rs.5,490.00",Fabric : 97% Cotton 3% SpandexMaterial : LycraStyle : Regular Fit,Please hurry! Only 2 left in stock,//www.tooneyteez.com/cdn/shop/products/55_27056b43-73c2-4045-8d83-5c2eef46c95b.jpg?v=1675248967
Mocha Turtle Neck Mens,"Rs.5,490.00",Fabric : 97% Cotton 3% SpandexMaterial : LycraStyle : Regular Fit,Please hurry! Only 2 left in stock,//www.tooneyteez.com/cdn/shop/products/55_27056b43-73c2-4045-8d83-5c2eef46c95b.jpg?v=1675248967
Black Turtle Neck Mens,"Rs.5,490.00",Fabric : 97% Cotton 3% SpandexMaterial : LycraStyle : Regular Fit,Please hurry! Only 4 left in stock,//www.tooneyteez.com/cdn/shop/products/43_4a297784-c138-4d6b-b4e1-bb569b658bbe.jpg?v=1675248520
Black Turtle Neck Mens,"Rs.5,490.00",Fabric : 97% Cotton 3% SpandexMaterial : LycraStyle : Regular Fit,Please hurry! Only 27 left in stock,//www.tooneyteez.com/cdn/shop/products/43_4a297784-c138-4d6b-b4e1-bb569b658bbe.jpg?v=1675248520
Black Turtle Neck Mens,"Rs.5,490.00",Fabric : 97% Cotton 3% SpandexMaterial : LycraStyle : Regular Fit,Please hurry! Only 12 left in stock,//www.tooneyteez.com/cdn/shop/products/43_4a297784-c138-4d6b-b4e1-bb569b658bbe.jpg?v=1675248520
Black Turtle Neck Mens,"Rs.5,490.00",Fabric : 97% Cotton 3% SpandexMaterial : LycraStyle : Regular Fit,Please hurry! Only 9 left in stock,//www.tooneyteez.com/cdn/shop/products/43_4a297784-c138-4d6b-b4e1-bb569b658bbe.jpg?v=1675248520
Black Turtle Neck Mens,"Rs.5,490.00",Fabric : 97% Cotton 3% SpandexMaterial : LycraStyle : Regular Fit,Please hurry! Only 9 left in stock,//www.tooneyteez.com/cdn/shop/products/43_4a297784-c138-4d6b-b4e1-bb569b658bbe.jpg?v=1675248520
Classic Fit Waffle-Knit Long Sleeve Shirt Charcoal,"Rs.5,490.00",Fabric : 80% cotton - 20% polyesterMaterial : ThermalSeason : WintersFit : Slim,Please hurry! Only 5 left in stock,//www.tooneyteez.com/cdn/shop/products/DSC_3194.jpg?v=1637519131
Classic Fit Waffle-Knit Long Sleeve Shirt Charcoal,"Rs.5,490.00",Fabric : 80% cotton - 20% polyesterMaterial : ThermalSeason : WintersFit : Slim,Please hurry! Only 7 left in stock,//www.tooneyteez.com/cdn/shop/products/DSC_3194.jpg?v=1637519131
Classic Fit Waffle-Knit Long Sleeve Shirt Charcoal,"Rs.5,490.00",Fabric : 80% cotton - 20% polyesterMaterial : ThermalSeason : WintersFit : Slim,Please hurry! Only 2 left in stock,//www.tooneyteez.com/cdn/shop/products/DSC_3194.jpg?v=1637519131
Classic Fit Waffle-Knit Long Sleeve Shirt Charcoal,"Rs.5,490.00",Fabric : 80% cotton - 20% polyesterMaterial : ThermalSeason : WintersFit : Slim,Please hurry! Only 1 left in stock,//www.tooneyteez.com/cdn/shop/products/DSC_3194.jpg?v=1637519131
Classic Fit Waffle-Knit Long Sleeve Shirt Charcoal,"Rs.5,490.00",Fabric : 80% cotton - 20% polyesterMaterial : ThermalSeason : WintersFit : Slim,Please hurry! Only 1 left in stock,//www.tooneyteez.com/cdn/shop/products/DSC_3194.jpg?v=1637519131
Raglan Waffle Knit Charcoal,"Rs.5,490.00",Fabric : 80% cotton - 20% polyesterMaterial : ThermalSeason : WintersFit : Slim,Please hurry! Only 1 left in stock,//www.tooneyteez.com/cdn/shop/products/DSC_3851.jpg?v=1640891320
Raglan Waffle Knit Charcoal,"Rs.5,490.00",Fabric : 80% cotton - 20% polyesterMaterial : ThermalSeason : WintersFit : Slim,Please hurry! Only 22 left in stock,//www.tooneyteez.com/cdn/shop/products/DSC_3851.jpg?v=1640891320
Raglan Waffle Knit Charcoal,"Rs.5,490.00",Fabric : 80% cotton - 20% polyesterMaterial : ThermalSeason : WintersFit : Slim,Please hurry! Only 13 left in stock,//www.tooneyteez.com/cdn/shop/products/DSC_3851.jpg?v=1640891320
Raglan Waffle Knit Charcoal,"Rs.5,490.00",Fabric : 80% cotton - 20% polyesterMaterial : ThermalSeason : WintersFit : Slim,Please hurry! Only 13 left in stock,//www.tooneyteez.com/cdn/shop/products/DSC_3851.jpg?v=1640891320
Raglan Waffle Knit Charcoal,"Rs.5,490.00",Fabric : 80% cotton - 20% polyesterMaterial : ThermalSeason : WintersFit : Slim,Please hurry! Only 13 left in stock,//www.tooneyteez.com/cdn/shop/products/DSC_3851.jpg?v=1640891320
Purple Tooney Limited Edition Oversize T-shirt,"Rs.5,490.00",Description not found,Please hurry! Only 22 left in stock,//www.tooneyteez.com/cdn/shop/files/107_59870802-74b5-418b-986e-917a89e66d07.jpg?v=1690792181
Modest Oversize Crew Neck Black,"Rs.5,490.00",Fabric : 100% cottonMaterial : JerseySeason : SummersStyle : Oversized Fit,Please hurry! Only 5 left in stock,//www.tooneyteez.com/cdn/shop/products/170.jpg?v=1678771499
Purple Tooney Limited Edition Oversize T-shirt,"Rs.5,490.00",Description not found,Please hurry! Only 42 left in stock,//www.tooneyteez.com/cdn/shop/files/107_59870802-74b5-418b-986e-917a89e66d07.jpg?v=1690792181
Purple Tooney Limited Edition Oversize T-shirt,"Rs.5,490.00",Description not found,Please hurry! Only 10 left in stock,//www.tooneyteez.com/cdn/shop/files/107_59870802-74b5-418b-986e-917a89e66d07.jpg?v=1690792181
Purple Tooney Limited Edition Oversize T-shirt,"Rs.5,490.00",Description not found,Please hurry! Only 10 left in stock,//www.tooneyteez.com/cdn/shop/files/107_59870802-74b5-418b-986e-917a89e66d07.jpg?v=1690792181
Black Tooney Limited Edition Oversize T-shirt,"Rs.5,490.00",Description not found,Please hurry! Only 26 left in stock,//www.tooneyteez.com/cdn/shop/files/81_109fa727-e9ab-42fd-81b5-698e9ca5914d.jpg?v=1690792212
Black Tooney Limited Edition Oversize T-shirt,"Rs.5,490.00",Description not found,Please hurry! Only 24 left in stock,//www.tooneyteez.com/cdn/shop/files/81_109fa727-e9ab-42fd-81b5-698e9ca5914d.jpg?v=1690792212
Black Tooney Limited Edition Oversize T-shirt,"Rs.5,490.00",Description not found,Please hurry! Only 8 left in stock,//www.tooneyteez.com/cdn/shop/files/81_109fa727-e9ab-42fd-81b5-698e9ca5914d.jpg?v=1690792212
Black Tooney Limited Edition Oversize T-shirt,"Rs.5,490.00",Description not found,Please hurry! Only 5 left in stock,//www.tooneyteez.com/cdn/shop/files/81_109fa727-e9ab-42fd-81b5-698e9ca5914d.jpg?v=1690792212
Black Tooney Limited Edition Oversize T-shirt,"Rs.5,490.00",Description not found,Please hurry! Only 5 left in stock,//www.tooneyteez.com/cdn/shop/files/81_109fa727-e9ab-42fd-81b5-698e9ca5914d.jpg?v=1690792212
Sand Tooney Limited Edition Oversize T-shirt,"Rs.5,490.00",Description not found,Please hurry! Only 28 left in stock,//www.tooneyteez.com/cdn/shop/files/plpk.png?v=1690792342
Sand Tooney Limited Edition Oversize T-shirt,"Rs.5,490.00",Description not found,Please hurry! Only 29 left in stock,//www.tooneyteez.com/cdn/shop/files/plpk.png?v=1690792342
Sand Tooney Limited Edition Oversize T-shirt,"Rs.5,490.00",Description not found,Please hurry! Only 20 left in stock,//www.tooneyteez.com/cdn/shop/files/plpk.png?v=1690792342
Sand Tooney Limited Edition Oversize T-shirt,"Rs.5,490.00",Description not found,Please hurry! Only 14 left in stock,//www.tooneyteez.com/cdn/shop/files/plpk.png?v=1690792342
Sand Tooney Limited Edition Oversize T-shirt,"Rs.5,490.00",Description not found,Please hurry! Only 14 left in stock,//www.tooneyteez.com/cdn/shop/files/plpk.png?v=1690792342
Marble Tooney Limited Edition Oversize T-shirt,"Rs.5,490.00",Description not found,Please hurry! Only 5 left in stock,//www.tooneyteez.com/cdn/shop/files/155_2ea6fabc-1a24-4e6d-a7a7-ec56c664cb47.jpg?v=1690792391
Marble Tooney Limited Edition Oversize T-shirt,"Rs.5,490.00",Description not found,Please hurry! Only 39 left in stock,//www.tooneyteez.com/cdn/shop/files/155_2ea6fabc-1a24-4e6d-a7a7-ec56c664cb47.jpg?v=1690792391
Marble Tooney Limited Edition Oversize T-shirt,"Rs.5,490.00",Description not found,Please hurry! Only 22 left in stock,//www.tooneyteez.com/cdn/shop/files/155_2ea6fabc-1a24-4e6d-a7a7-ec56c664cb47.jpg?v=1690792391
Marble Tooney Limited Edition Oversize T-shirt,"Rs.5,490.00",Description not found,Please hurry! Only 22 left in stock,//www.tooneyteez.com/cdn/shop/files/155_2ea6fabc-1a24-4e6d-a7a7-ec56c664cb47.jpg?v=1690792391
White Tooney Limited Edition Oversize T-shirt,"Rs.5,490.00",Description not found,Please hurry! Only 0 left in stock,//www.tooneyteez.com/cdn/shop/files/98_3653db60-efca-4465-a805-d67ce4161944.jpg?v=1690792374
Mocha Tooney Limited Edition Oversize T-shirt,"Rs.5,490.00",Description not found,Please hurry! Only 3 left in stock,//www.tooneyteez.com/cdn/shop/files/119_9b9eab37-85bc-498c-9b65-bf20c9387caa.jpg?v=1690792891
Mocha Tooney Limited Edition Oversize T-shirt,"Rs.5,490.00",Description not found,Please hurry! Only 32 left in stock,//www.tooneyteez.com/cdn/shop/files/119_9b9eab37-85bc-498c-9b65-bf20c9387caa.jpg?v=1690792891
Mocha Tooney Limited Edition Oversize T-shirt,"Rs.5,490.00",Description not found,Please hurry! Only 14 left in stock,//www.tooneyteez.com/cdn/shop/files/119_9b9eab37-85bc-498c-9b65-bf20c9387caa.jpg?v=1690792891
Mocha Tooney Limited Edition Oversize T-shirt,"Rs.5,490.00",Description not found,Please hurry! Only 14 left in stock,//www.tooneyteez.com/cdn/shop/files/119_9b9eab37-85bc-498c-9b65-bf20c9387caa.jpg?v=1690792891
Camo Cargo Relax Fit Shorts,"Rs.5,490.00",Fabric : 100% cottonMaterial : TerrySeason : AllStyle : Relax Fit,Please hurry! Only 15 left in stock,//www.tooneyteez.com/cdn/shop/files/38_31428474-bead-4d8b-b278-c5ef458fb1ab.jpg?v=1690789935
Camo Cargo Relax Fit Shorts,"Rs.5,490.00",Fabric : 100% cottonMaterial : TerrySeason : AllStyle : Relax Fit,Please hurry! Only 18 left in stock,//www.tooneyteez.com/cdn/shop/files/38_31428474-bead-4d8b-b278-c5ef458fb1ab.jpg?v=1690789935
Camo Cargo Relax Fit Shorts,"Rs.5,490.00",Fabric : 100% cottonMaterial : TerrySeason : AllStyle : Relax Fit,Please hurry! Only 15 left in stock,//www.tooneyteez.com/cdn/shop/files/38_31428474-bead-4d8b-b278-c5ef458fb1ab.jpg?v=1690789935
Black Splash Relax Fit Shorts,"Rs.5,490.00",Fabric : 100% cottonMaterial : TerrySeason : AllStyle : Relax Fit,Please hurry! Only 10 left in stock,//www.tooneyteez.com/cdn/shop/files/12_63ae2db0-7f96-4c55-969b-341e77b6924b.jpg?v=1690789652
Color Spash Relax Fit Shorts - Limited Edition,"Rs.5,490.00",Fabric : 100% cottonMaterial : TerrySeason : AllStyle : Relax Fit,Please hurry! Only 6 left in stock,//www.tooneyteez.com/cdn/shop/files/102_75c8ea95-c2e2-4d33-8a0d-6751c457b9a5.jpg?v=1690789517
Black Splash Relax Fit Shorts,"Rs.5,490.00",Fabric : 100% cottonMaterial : TerrySeason : AllStyle : Relax Fit,Please hurry! Only 10 left in stock,//www.tooneyteez.com/cdn/shop/files/12_63ae2db0-7f96-4c55-969b-341e77b6924b.jpg?v=1690789652
Color Spash Relax Fit Shorts - Limited Edition,"Rs.5,490.00",Fabric : 100% cottonMaterial : TerrySeason : AllStyle : Relax Fit,Please hurry! Only 10 left in stock,//www.tooneyteez.com/cdn/shop/files/102_75c8ea95-c2e2-4d33-8a0d-6751c457b9a5.jpg?v=1690789517
Houndstooth Wide Leg Trouser,"Rs.5,490.00",Description not found,Please hurry! Only 6 left in stock,//www.tooneyteez.com/cdn/shop/files/79_d2b2dc23-bc5e-4214-9426-f02051002ec4.jpg?v=1690789454
Houndstooth Wide Leg Trouser,"Rs.5,490.00",Description not found,Please hurry! Only 3 left in stock,//www.tooneyteez.com/cdn/shop/files/79_d2b2dc23-bc5e-4214-9426-f02051002ec4.jpg?v=1690789454
Black Splash Relax Fit Shorts,"Rs.5,490.00",Fabric : 100% cottonMaterial : TerrySeason : AllStyle : Relax Fit,Please hurry! Only 8 left in stock,//www.tooneyteez.com/cdn/shop/files/12_63ae2db0-7f96-4c55-969b-341e77b6924b.jpg?v=1690789652
Color Spash Relax Fit Shorts - Limited Edition,"Rs.5,490.00",Fabric : 100% cottonMaterial : TerrySeason : AllStyle : Relax Fit,Please hurry! Only 10 left in stock,//www.tooneyteez.com/cdn/shop/files/102_75c8ea95-c2e2-4d33-8a0d-6751c457b9a5.jpg?v=1690789517
Color Spash Relax Fit Shorts - Limited Edition,"Rs.5,490.00",Fabric : 100% cottonMaterial : TerrySeason : AllStyle : Relax Fit,Please hurry! Only 8 left in stock,//www.tooneyteez.com/cdn/shop/files/102_75c8ea95-c2e2-4d33-8a0d-6751c457b9a5.jpg?v=1690789517
Black Wide Leg Cargo Trouser,"Rs.5,490.00",Description not found,Please hurry! Only 25 left in stock,//www.tooneyteez.com/cdn/shop/files/95_a6f35c0b-5305-4c68-89f7-30ede36061ef.jpg?v=1690788625
Black Wide Leg Cargo Trouser,"Rs.5,490.00",Description not found,Please hurry! Only 22 left in stock,//www.tooneyteez.com/cdn/shop/files/95_a6f35c0b-5305-4c68-89f7-30ede36061ef.jpg?v=1690788625
Java Brown Wide Leg Cargo Trouser,"Rs.5,490.00",Description not found,Please hurry! Only -1 left in stock,//www.tooneyteez.com/cdn/shop/files/java-cargo-1.png?v=1694777975
Black Relax Pique Shorts,"Rs.5,490.00",Fabric : 100% cottonMaterial : TerrySeason : AllStyle : Relax Fit,Please hurry! Only 4 left in stock,//www.tooneyteez.com/cdn/shop/files/71_effc4521-d962-47a5-8069-41449c8ecea0.jpg?v=1690786952
Black Relax Pique Shorts,"Rs.5,490.00",Fabric : 100% cottonMaterial : TerrySeason : AllStyle : Relax Fit,Please hurry! Only 2 left in stock,//www.tooneyteez.com/cdn/shop/files/71_effc4521-d962-47a5-8069-41449c8ecea0.jpg?v=1690786952
Black Relax Pique Shorts,"Rs.5,490.00",Fabric : 100% cottonMaterial : TerrySeason : AllStyle : Relax Fit,Please hurry! Only 1 left in stock,//www.tooneyteez.com/cdn/shop/files/71_effc4521-d962-47a5-8069-41449c8ecea0.jpg?v=1690786952
Skin Relax Pique Shorts,"Rs.5,490.00",Fabric : 100% cottonMaterial : TerrySeason : AllStyle : Relax Fit,Please hurry! Only 8 left in stock,//www.tooneyteez.com/cdn/shop/files/67_98c29a74-9dfd-44ff-83f1-7158309806cb.jpg?v=1690786907
Skin Relax Pique Shorts,"Rs.5,490.00",Fabric : 100% cottonMaterial : TerrySeason : AllStyle : Relax Fit,Please hurry! Only 8 left in stock,//www.tooneyteez.com/cdn/shop/files/67_98c29a74-9dfd-44ff-83f1-7158309806cb.jpg?v=1690786907
24/7 Mens T-shirt - SkyFall,"Rs.5,490.00",Fabric : 97% Cotton 3% SpandexMaterial : Single JerseySeason : SummersStyle : Crew Neck,Please hurry! Only 16 left in stock,//www.tooneyteez.com/cdn/shop/files/3_a97718b6-9a05-46a2-a6ed-d58ce4bcc7c7.jpg?v=1690786461
Black Relax Pique Shorts,"Rs.5,490.00",Fabric : 100% cottonMaterial : TerrySeason : AllStyle : Relax Fit,Please hurry! Only 2 left in stock,//www.tooneyteez.com/cdn/shop/files/71_effc4521-d962-47a5-8069-41449c8ecea0.jpg?v=1690786952
Black Wide Leg Cargo Trouser,"Rs.5,490.00",Description not found,Please hurry! Only 28 left in stock,//www.tooneyteez.com/cdn/shop/files/95_a6f35c0b-5305-4c68-89f7-30ede36061ef.jpg?v=1690788625
24/7 Mens T-shirt - SkyFall,"Rs.5,490.00",Fabric : 97% Cotton 3% SpandexMaterial : Single JerseySeason : SummersStyle : Crew Neck,Please hurry! Only 7 left in stock,//www.tooneyteez.com/cdn/shop/files/3_a97718b6-9a05-46a2-a6ed-d58ce4bcc7c7.jpg?v=1690786461
24/7 Mens T-shirt - SkyFall,"Rs.5,490.00",Fabric : 97% Cotton 3% SpandexMaterial : Single JerseySeason : SummersStyle : Crew Neck,Please hurry! Only 7 left in stock,//www.tooneyteez.com/cdn/shop/files/3_a97718b6-9a05-46a2-a6ed-d58ce4bcc7c7.jpg?v=1690786461
Skin Relax Pique Shorts,"Rs.5,490.00",Fabric : 100% cottonMaterial : TerrySeason : AllStyle : Relax Fit,Please hurry! Only 7 left in stock,//www.tooneyteez.com/cdn/shop/files/67_98c29a74-9dfd-44ff-83f1-7158309806cb.jpg?v=1690786907
24/7 Mens T-shirt - Smoke,"Rs.5,490.00",Fabric : 97% Cotton 3% SpandexMaterial : Single JerseySeason : SummersStyle : Crew Neck,Please hurry! Only 12 left in stock,//www.tooneyteez.com/cdn/shop/files/5_433cc116-9e93-4272-80cf-5344cd9a5f4f.jpg?v=1690786437
24/7 Mens T-shirt - Smoke,"Rs.5,490.00",Fabric : 97% Cotton 3% SpandexMaterial : Single JerseySeason : SummersStyle : Crew Neck,Please hurry! Only 11 left in stock,//www.tooneyteez.com/cdn/shop/files/5_433cc116-9e93-4272-80cf-5344cd9a5f4f.jpg?v=1690786437
24/7 Mens T-shirt - Smoke,"Rs.5,490.00",Fabric : 97% Cotton 3% SpandexMaterial : Single JerseySeason : SummersStyle : Crew Neck,Please hurry! Only 5 left in stock,//www.tooneyteez.com/cdn/shop/files/5_433cc116-9e93-4272-80cf-5344cd9a5f4f.jpg?v=1690786437
24/7 Mens T-shirt - Smoke,"Rs.5,490.00",Fabric : 97% Cotton 3% SpandexMaterial : Single JerseySeason : SummersStyle : Crew Neck,Please hurry! Only 11 left in stock,//www.tooneyteez.com/cdn/shop/files/5_433cc116-9e93-4272-80cf-5344cd9a5f4f.jpg?v=1690786437
Black Wide Leg Cargo Trouser,"Rs.5,490.00",Description not found,Please hurry! Only 22 left in stock,//www.tooneyteez.com/cdn/shop/files/95_a6f35c0b-5305-4c68-89f7-30ede36061ef.jpg?v=1690788625
24/7 Mens T-shirt - Olive,"Rs.5,490.00",Fabric : 97% Cotton 3% SpandexMaterial : Single JerseySeason : SummersStyle : Crew Neck,Please hurry! Only 6 left in stock,//www.tooneyteez.com/cdn/shop/files/16_88386daa-9bcd-425b-9c4d-8f66a36d5dad.jpg?v=1690786427
24/7 Mens T-shirt - Olive,"Rs.5,490.00",Fabric : 97% Cotton 3% SpandexMaterial : Single JerseySeason : SummersStyle : Crew Neck,Please hurry! Only 3 left in stock,//www.tooneyteez.com/cdn/shop/files/16_88386daa-9bcd-425b-9c4d-8f66a36d5dad.jpg?v=1690786427
24/7 Mens T-shirt - Brown,"Rs.5,490.00",Fabric : 97% Cotton 3% SpandexMaterial : Single JerseySeason : SummersStyle : Crew Neck,Please hurry! Only 2 left in stock,//www.tooneyteez.com/cdn/shop/files/11_d2278a46-20c3-4598-a7b3-dfebc41d2c9e.jpg?v=1690786413
24/7 Mens T-shirt - SkyFall,"Rs.5,490.00",Fabric : 97% Cotton 3% SpandexMaterial : Single JerseySeason : SummersStyle : Crew Neck,Please hurry! Only 3 left in stock,//www.tooneyteez.com/cdn/shop/files/3_a97718b6-9a05-46a2-a6ed-d58ce4bcc7c7.jpg?v=1690786461
24/7 Mens T-shirt - Brown,"Rs.5,490.00",Fabric : 97% Cotton 3% SpandexMaterial : Single JerseySeason : SummersStyle : Crew Neck,Please hurry! Only 7 left in stock,//www.tooneyteez.com/cdn/shop/files/11_d2278a46-20c3-4598-a7b3-dfebc41d2c9e.jpg?v=1690786413
24/7 Mens T-shirt - Brown,"Rs.5,490.00",Fabric : 97% Cotton 3% SpandexMaterial : Single JerseySeason : SummersStyle : Crew Neck,Please hurry! Only 7 left in stock,//www.tooneyteez.com/cdn/shop/files/11_d2278a46-20c3-4598-a7b3-dfebc41d2c9e.jpg?v=1690786413
24/7 Mens T-shirt - Olive,"Rs.5,490.00",Fabric : 97% Cotton 3% SpandexMaterial : Single JerseySeason : SummersStyle : Crew Neck,Please hurry! Only 3 left in stock,//www.tooneyteez.com/cdn/shop/files/16_88386daa-9bcd-425b-9c4d-8f66a36d5dad.jpg?v=1690786427
SAND OVERSIZED SHORT SET,"Rs.5,490.00",Fabric : 100% cottonSeason : SummersStyle : Relax Fit,Please hurry! Only 1 left in stock,//www.tooneyteez.com/cdn/shop/files/40_cfb5c622-f0c9-4631-b5ad-0120ebc9f69d.jpg?v=1691392653
24/7 Mens T-shirt - Brown,"Rs.5,490.00",Fabric : 97% Cotton 3% SpandexMaterial : Single JerseySeason : SummersStyle : Crew Neck,Please hurry! Only 8 left in stock,//www.tooneyteez.com/cdn/shop/files/11_d2278a46-20c3-4598-a7b3-dfebc41d2c9e.jpg?v=1690786413
SAND OVERSIZED SHORT SET,"Rs.5,490.00",Fabric : 100% cottonSeason : SummersStyle : Relax Fit,Please hurry! Only 1 left in stock,//www.tooneyteez.com/cdn/shop/files/40_cfb5c622-f0c9-4631-b5ad-0120ebc9f69d.jpg?v=1691392653
SAND OVERSIZED SHORT SET,"Rs.5,490.00",Fabric : 100% cottonSeason : SummersStyle : Relax Fit,Please hurry! Only 1 left in stock,//www.tooneyteez.com/cdn/shop/files/40_cfb5c622-f0c9-4631-b5ad-0120ebc9f69d.jpg?v=1691392653
SAND OVERSIZED SHORT SET,"Rs.5,490.00",Fabric : 100% cottonSeason : SummersStyle : Relax Fit,Please hurry! Only 1 left in stock,//www.tooneyteez.com/cdn/shop/files/40_cfb5c622-f0c9-4631-b5ad-0120ebc9f69d.jpg?v=1691392653
BLACK OVERSIZED SHORT SET,"Rs.5,490.00",Fabric : 100% cottonSeason : SummersStyle : Relax Fit,Please hurry! Only 23 left in stock,//www.tooneyteez.com/cdn/shop/files/52_cfc0acdc-cba0-49b5-9296-9aebda0a5739.jpg?v=1692681008
BLACK OVERSIZED SHORT SET,"Rs.5,490.00",Fabric : 100% cottonSeason : SummersStyle : Relax Fit,Please hurry! Only 5 left in stock,//www.tooneyteez.com/cdn/shop/files/52_cfc0acdc-cba0-49b5-9296-9aebda0a5739.jpg?v=1692681008
BLACK OVERSIZED SHORT SET,"Rs.5,490.00",Fabric : 100% cottonSeason : SummersStyle : Relax Fit,Please hurry! Only 5 left in stock,//www.tooneyteez.com/cdn/shop/files/52_cfc0acdc-cba0-49b5-9296-9aebda0a5739.jpg?v=1692681008
Olive/Black Raglan,"Rs.5,490.00",Fabric : 100% cottonMaterial : Single JerseySeason : SummersStyle : Raglan,Please hurry! Only 0 left in stock,//www.tooneyteez.com/cdn/shop/products/67_dc66004a-5d5c-45f6-93b4-72721bfc3c56.jpg?v=1680225030
Charcoal Black Raglan,"Rs.5,490.00",Fabric : 100% cottonMaterial : Single JerseySeason : SummersStyle : Raglan,Please hurry! Only 45 left in stock,//www.tooneyteez.com/cdn/shop/products/DSC_0350.jpg?v=1645428618
BLACK OVERSIZED SHORT SET,"Rs.5,490.00",Fabric : 100% cottonSeason : SummersStyle : Relax Fit,Please hurry! Only 6 left in stock,//www.tooneyteez.com/cdn/shop/files/52_cfc0acdc-cba0-49b5-9296-9aebda0a5739.jpg?v=1692681008
Charcoal Black Raglan,"Rs.5,490.00",Fabric : 100% cottonMaterial : Single JerseySeason : SummersStyle : Raglan,Please hurry! Only 45 left in stock,//www.tooneyteez.com/cdn/shop/products/DSC_0350.jpg?v=1645428618
Offwhite Wide Leg Trouser Unisex,"Rs.5,490.00",Style : Wide Leg FitSeason : AllMaterial : Terry,Please hurry! Only 23 left in stock,//www.tooneyteez.com/cdn/shop/products/5_ab5f5285-6ab1-43a7-b339-1718289a9692.jpg?v=1667819330
Offwhite Wide Leg Trouser Unisex,"Rs.5,490.00",Style : Wide Leg FitSeason : AllMaterial : Terry,Please hurry! Only 7 left in stock,//www.tooneyteez.com/cdn/shop/products/5_ab5f5285-6ab1-43a7-b339-1718289a9692.jpg?v=1667819330
Offwhite Wide Leg Trouser Unisex,"Rs.5,490.00",Style : Wide Leg FitSeason : AllMaterial : Terry,Please hurry! Only 18 left in stock,//www.tooneyteez.com/cdn/shop/products/5_ab5f5285-6ab1-43a7-b339-1718289a9692.jpg?v=1667819330
Offwhite Wide Leg Trouser Unisex,"Rs.5,490.00",Style : Wide Leg FitSeason : AllMaterial : Terry,Please hurry! Only 2 left in stock,//www.tooneyteez.com/cdn/shop/products/5_ab5f5285-6ab1-43a7-b339-1718289a9692.jpg?v=1667819330
Offwhite Wide Leg Trouser Unisex,"Rs.5,490.00",Style : Wide Leg FitSeason : AllMaterial : Terry,Please hurry! Only 2 left in stock,//www.tooneyteez.com/cdn/shop/products/5_ab5f5285-6ab1-43a7-b339-1718289a9692.jpg?v=1667819330
Wide Leg Trouser Unisex Black,"Rs.5,490.00",Style : Wide Leg FitSeason : AllMaterial : Terry,Please hurry! Only 11 left in stock,//www.tooneyteez.com/cdn/shop/products/10_38795f57-e1e6-4a72-8184-cda58b13a2d4.jpg?v=1667819300
Wide Leg Trouser Unisex Black,"Rs.5,490.00",Style : Wide Leg FitSeason : AllMaterial : Terry,Please hurry! Only 11 left in stock,//www.tooneyteez.com/cdn/shop/products/10_38795f57-e1e6-4a72-8184-cda58b13a2d4.jpg?v=1667819300
Wide Leg Trouser Unisex Black,"Rs.5,490.00",Style : Wide Leg FitSeason : AllMaterial : Terry,Please hurry! Only 14 left in stock,//www.tooneyteez.com/cdn/shop/products/10_38795f57-e1e6-4a72-8184-cda58b13a2d4.jpg?v=1667819300
Wide Leg Trouser Unisex Black,"Rs.5,490.00",Style : Wide Leg FitSeason : AllMaterial : Terry,Please hurry! Only 14 left in stock,//www.tooneyteez.com/cdn/shop/products/10_38795f57-e1e6-4a72-8184-cda58b13a2d4.jpg?v=1667819300
Dark Unisex Oversized Tee,"Rs.5,490.00",Fabric : 100% cottonMaterial : JerseySeason : SummersStyle : Relax Fit,Please hurry! Only 14 left in stock,//www.tooneyteez.com/cdn/shop/files/68_26610c50-c4d7-4be2-bb04-564246f3e229.jpg?v=1690814178
Dark Unisex Oversized Tee,"Rs.5,490.00",Fabric : 100% cottonMaterial : JerseySeason : SummersStyle : Relax Fit,Please hurry! Only 15 left in stock,//www.tooneyteez.com/cdn/shop/files/68_26610c50-c4d7-4be2-bb04-564246f3e229.jpg?v=1690814178
Dark Unisex Oversized Tee,"Rs.5,490.00",Fabric : 100% cottonMaterial : JerseySeason : SummersStyle : Relax Fit,Please hurry! Only 9 left in stock,//www.tooneyteez.com/cdn/shop/files/68_26610c50-c4d7-4be2-bb04-564246f3e229.jpg?v=1690814178
Dark Unisex Oversized Tee,"Rs.5,490.00",Fabric : 100% cottonMaterial : JerseySeason : SummersStyle : Relax Fit,Please hurry! Only 6 left in stock,//www.tooneyteez.com/cdn/shop/files/68_26610c50-c4d7-4be2-bb04-564246f3e229.jpg?v=1690814178
Dark Unisex Oversized Tee,"Rs.5,490.00",Fabric : 100% cottonMaterial : JerseySeason : SummersStyle : Relax Fit,Please hurry! Only 6 left in stock,//www.tooneyteez.com/cdn/shop/files/68_26610c50-c4d7-4be2-bb04-564246f3e229.jpg?v=1690814178
Superman Oversize Unisex T-shirt,"Rs.5,490.00",Fabric : 100% cottonMaterial : JerseySeason : SummersStyle : Relax Fit,Please hurry! Only 40 left in stock,//www.tooneyteez.com/cdn/shop/files/73_34e4185c-4c08-4078-ae9b-830e89bf6a79.jpg?v=1690938570
Superman Oversize Unisex T-shirt,"Rs.5,490.00",Fabric : 100% cottonMaterial : JerseySeason : SummersStyle : Relax Fit,Please hurry! Only 50 left in stock,//www.tooneyteez.com/cdn/shop/files/73_34e4185c-4c08-4078-ae9b-830e89bf6a79.jpg?v=1690938570
Superman Oversize Unisex T-shirt,"Rs.5,490.00",Fabric : 100% cottonMaterial : JerseySeason : SummersStyle : Relax Fit,Please hurry! Only 59 left in stock,//www.tooneyteez.com/cdn/shop/files/73_34e4185c-4c08-4078-ae9b-830e89bf6a79.jpg?v=1690938570
Superman Oversize Unisex T-shirt,"Rs.5,490.00",Fabric : 100% cottonMaterial : JerseySeason : SummersStyle : Relax Fit,Please hurry! Only 21 left in stock,//www.tooneyteez.com/cdn/shop/files/73_34e4185c-4c08-4078-ae9b-830e89bf6a79.jpg?v=1690938570
Superman Oversize Unisex T-shirt,"Rs.5,490.00",Fabric : 100% cottonMaterial : JerseySeason : SummersStyle : Relax Fit,Please hurry! Only 21 left in stock,//www.tooneyteez.com/cdn/shop/files/73_34e4185c-4c08-4078-ae9b-830e89bf6a79.jpg?v=1690938570
Basic Crew Neck Black,"Rs.5,490.00",Fabric : 100% cottonMaterial : Single JerseySeason : SummersStyle : Crew Neck,Please hurry! Only 1 left in stock,//www.tooneyteez.com/cdn/shop/products/76_15c1d0bf-2b13-42fe-85b9-55f12313efd6.jpg?v=1680225488
Neon Oversized Boxy Funnel Spliced Hoodie,"Rs.5,490.00",Description not found,Please hurry! Only 28 left in stock,//www.tooneyteez.com/cdn/shop/files/52_28954fd5-f10d-4a1c-840d-4368c538088e.jpg?v=1697803215
Neon Oversized Boxy Funnel Spliced Hoodie,"Rs.5,490.00",Description not found,Please hurry! Only 28 left in stock,//www.tooneyteez.com/cdn/shop/files/52_28954fd5-f10d-4a1c-840d-4368c538088e.jpg?v=1697803215
Neon Oversized Boxy Funnel Spliced Hoodie,"Rs.5,490.00",Description not found,Please hurry! Only 29 left in stock,//www.tooneyteez.com/cdn/shop/files/52_28954fd5-f10d-4a1c-840d-4368c538088e.jpg?v=1697803215
Neon Oversized Boxy Funnel Spliced Hoodie,"Rs.5,490.00",Description not found,Please hurry! Only 29 left in stock,//www.tooneyteez.com/cdn/shop/files/52_28954fd5-f10d-4a1c-840d-4368c538088e.jpg?v=1697803215
Always Stay Grateful Unisex Co-ord Set,"Rs.5,490.00",Description not found,Please hurry! Only 25 left in stock,//www.tooneyteez.com/cdn/shop/files/102_1b48e8c3-d265-43f2-93ae-e942c1faab79.jpg?v=1697807876
Always Stay Grateful Unisex Co-ord Set,"Rs.5,490.00",Description not found,Please hurry! Only 16 left in stock,//www.tooneyteez.com/cdn/shop/files/102_1b48e8c3-d265-43f2-93ae-e942c1faab79.jpg?v=1697807876
Always Stay Grateful Unisex Co-ord Set,"Rs.5,490.00",Description not found,Please hurry! Only 18 left in stock,//www.tooneyteez.com/cdn/shop/files/102_1b48e8c3-d265-43f2-93ae-e942c1faab79.jpg?v=1697807876
Always Stay Grateful Unisex Co-ord Set,"Rs.5,490.00",Description not found,Please hurry! Only 18 left in stock,//www.tooneyteez.com/cdn/shop/files/102_1b48e8c3-d265-43f2-93ae-e942c1faab79.jpg?v=1697807876
Baseball Stripe Raglan,"Rs.5,490.00",Fabric : 100% cottonMaterial : Single JerseySeason : SummersStyle : Raglan,Please hurry! Only 0 left in stock,//www.tooneyteez.com/cdn/shop/products/63_bcf4576a-edc1-4fcc-9947-f3743fa249b2.jpg?v=1680225036
Pack of 2 Basic Tees,"Rs.5,490.00",Fabric : 100% cottonMaterial : Single JerseySeason : SummersStyle : Crew Neck,Please hurry! Only -1 left in stock,//www.tooneyteez.com/cdn/shop/products/011_1.png?v=1645644366
24/7 Mens T-shirt - SkyFall,"Rs.5,490.00",Fabric : 97% Cotton 3% SpandexMaterial : Single JerseySeason : SummersStyle : Crew Neck,Please hurry! Only 20 left in stock,//www.tooneyteez.com/cdn/shop/files/3_a97718b6-9a05-46a2-a6ed-d58ce4bcc7c7.jpg?v=1690786461
Houndstooth Wide Leg Trouser,"Rs.5,490.00",Description not found,Please hurry! Only 3 left in stock,//www.tooneyteez.com/cdn/shop/files/79_d2b2dc23-bc5e-4214-9426-f02051002ec4.jpg?v=1690789454
Houndstooth Wide Leg Trouser,"Rs.5,490.00",Description not found,Please hurry! Only 17 left in stock,//www.tooneyteez.com/cdn/shop/files/79_d2b2dc23-bc5e-4214-9426-f02051002ec4.jpg?v=1690789454
Black Wide Leg Cargo Trouser,"Rs.5,490.00",Description not found,Please hurry! Only 22 left in stock,//www.tooneyteez.com/cdn/shop/files/95_a6f35c0b-5305-4c68-89f7-30ede36061ef.jpg?v=1690788625
Camo Cargo Relax Fit Shorts,"Rs.5,490.00",Fabric : 100% cottonMaterial : TerrySeason : AllStyle : Relax Fit,Please hurry! Only 18 left in stock,//www.tooneyteez.com/cdn/shop/files/38_31428474-bead-4d8b-b278-c5ef458fb1ab.jpg?v=1690789935
Black Splash Relax Fit Shorts,"Rs.5,490.00",Fabric : 100% cottonMaterial : TerrySeason : AllStyle : Relax Fit,Please hurry! Only 1 left in stock,//www.tooneyteez.com/cdn/shop/files/12_63ae2db0-7f96-4c55-969b-341e77b6924b.jpg?v=1690789652
